user_id,id,created_at,text,public_metrics.retweet_count,public_metrics.reply_count,public_metrics.like_count,public_metrics.quote_count,geo.place_id,geo.coordinates.type,possibly_sensitive,lang,user_username,user_name,user_location,user_description,user_public_metrics.followers_count,user_public_metrics.following_count,user_public_metrics.tweet_count,user_public_metrics.listed_count,user_created_at,tweet_lon,tweet_lat
29092666,947843736297492481,2018-01-01T14:55:31.000Z,Spent NYE at the Magic Kingdom with the family and was in bed and asleep before 9pm. Starting the New Year off well rested!,0,0,3,0,55b4f9e5c516e0b6,,FALSE,en,MikeMaurini,Mike Maurini,"Indianapolis, IN",Involved in all aspects of motorsports from Management and Media to Karting and IndyCar. Follow my company @RTDMediaAndMGMT. Unemployed @indycar spotter,1346,632,16964,28,2009-04-05T23:26:02.000Z,,
3026694994,947937243712258048,2018-01-01T21:07:05.000Z,#OrlandoLostFound Lost at Magic Kingdom - Fox Blanket (Magic Kingdom): My toddler lost his blanket in Disney. Its orange on one side gray on the other with a fox with tabs.. we lost it the weekend of December 15th. It's a long shot but I thought I wouldâ€¦ https://t.co/HNvytXoFLL,0,0,0,0,55b4f9e5c516e0b6,Point,FALSE,en,Orlando_LAF,Orlando Lost Found,Orlando Florida,"",90,63,9455,4,2015-02-09T16:25:01.000Z,-81.3779211,28.53257968
213450726,948941327114399745,2018-01-04T15:36:57.000Z,Heading back to Magic Kingdom.  Universal is ridiculous,0,0,0,0,55b4f9e5c516e0b6,,FALSE,en,Gentrymom,Tina Gentry,,"",177,220,1612,0,2010-11-08T23:31:44.000Z,,
83451281,949033717623902209,2018-01-04T21:44:05.000Z,O Magic Kingdom eh mto top,0,0,0,0,55b4f9e5c516e0b6,,FALSE,en,Fvsari,Gabriel Fusari,Brasil,ğŸ‡§ğŸ‡· Jornalista de moda pela UFMT e UPenn. bylines: @ellebrasil @portalffw @bazaarbr   ğŸ“§ fvsari@aol.com (meus textos no link),1920,2369,160939,25,2009-10-18T21:30:51.000Z,,
1180180105,949912262176800768,2018-01-07T07:55:06.000Z,"I didn't leave work early enough to make it to Magic Kingdom today, so I went home and watched Lilo and Stitch in rememberence. https://t.co/TEorqM7Nky",0,0,0,0,55b4f9e5c516e0b6,,FALSE,en,DJisnotonfire,DJ ã‚³ãƒ¼ãƒ«,"Orlando, FL, USA, Sol III",#progress #INTJ #MyViews #MyOpinions - https://t.co/2vFndcynZQ,135,423,9522,4,2013-02-14T19:59:29.000Z,,
379791404,950147392929779712,2018-01-07T23:29:26.000Z,UCF parade at Magic kingdom and Iâ€™m working ğŸ™ƒ,0,0,1,0,55b4f9e5c516e0b6,,FALSE,en,itsCasperr,Nat ğŸ­âœ¨,,socially anxious extrovert.,535,403,12784,0,2011-09-25T15:30:17.000Z,,
21137969,950476750806568960,2018-01-08T21:18:11.000Z,"@lelulovexo If I go to the Magic Kingdom, I only ride Space Mountain, Pirates of the Caribbean and the Hall of Presidents (although I may skip the Hall of Presidents).",0,1,0,0,55b4f9e5c516e0b6,,FALSE,en,cameraman1961,Blenus M,"Orlando, Florida","Vote Blue, no matter who
Love my #resister family
Science is not a liberal conspiracy",12700,13483,66740,15,2009-02-17T22:18:19.000Z,,
250339476,950820421078798336,2018-01-09T20:03:48.000Z,Landed and on the way to Magic Kingdom! #EAST2018,0,0,0,0,55b4f9e5c516e0b6,,FALSE,en,barrrd1985,Robert Barraco,"Allentown, PA","Husband and Father, Associate Dean, Trauma Surgeon, Rutgers Club of Lehigh Valley",467,373,8315,18,2011-02-10T22:19:33.000Z,,
103721452,951162320255901697,2018-01-10T18:42:23.000Z,@UniversalORL &gt; Magic Kingdom.,0,0,0,0,55b4f9e5c516e0b6,,FALSE,en,D_Rob__,DRob,,girl dad | sneaker head | prefer to lift alone | former lb | $BTC | $LINK | COVID19 Veteran | scared money donâ€™t make no money | toxically masculine |,2049,348,31278,46,2010-01-11T01:41:22.000Z,,
3026694994,951880353525858305,2018-01-12T18:15:36.000Z,"#OrlandoLostFound SLR Camera and Camera Bag left in Premium Parking @ Magic Kingdom (Magic Kingdom, Disney World): As my family was leaving Disney World on the evening of Jan 11th (around 8 pm) I accidentally left our family camera in it's camera bag onâ€¦ https://t.co/dvtnQDUrqA",0,0,0,0,55b4f9e5c516e0b6,Point,FALSE,en,Orlando_LAF,Orlando Lost Found,Orlando Florida,"",90,63,9455,4,2015-02-09T16:25:01.000Z,-81.3779211,28.53257968
460579901,952211397814968320,2018-01-13T16:11:03.000Z,Should I take my grad cap to magic kingdom today and get cute pics?,0,0,0,1,55b4f9e5c516e0b6,,FALSE,en,corrinmarieeee,Corrin,,i have no idea what im doing,374,240,9026,0,2012-01-10T22:23:45.000Z,,
762133923618885633,952628055113109506,2018-01-14T19:46:41.000Z,"@LadyRay011 Congrats on getting into the DCP! I did mine back in 2008, was custodial in the Magic Kingdom on Main Street USA and had an absolute blast and I'm sure you will too! Are you taking your streaming stuff for on your program as well?",0,1,1,0,55b4f9e5c516e0b6,,FALSE,en,_KoRnFlAkE,KoRnFlAkE,"Orlando, FL","motorcycles, hockey (go Preds!), video game",390,1474,9054,4,2016-08-07T03:51:01.000Z,,
80601098,954360127343267841,2018-01-19T14:29:20.000Z,Had a blast on my artist play dates at The Magic Kingdom and Universal this week! So much fun inâ€¦ https://t.co/wnRsz6MdDu,0,0,0,0,55b4f9e5c516e0b6,Point,FALSE,en,MacarenaLuzB,Macarena Luz Bianchi,"Miami, FL","Lighthearted Empowerment Coach, Author, Glorious Living Speaker, Fairy Godmother, lover of flowers, tea & travel. Signup https://t.co/YcEAAL4bum",280,592,13013,43,2009-10-07T15:18:33.000Z,-81.4734,28.4728
3119842475,955278738601725952,2018-01-22T03:19:34.000Z,Fiends donâ€™t let friends eat at Magic Kingdom quick serve ğŸ¤¢ğŸ¤¢,0,1,3,0,55b4f9e5c516e0b6,,FALSE,en,Kevkalby,Kevin,,"Theme Park Designer for
VelociCoaster, Super Nintendo World, Sea World,
Artist, Musician, Optimist",476,937,1106,7,2015-03-26T21:39:30.000Z,,
958812372,958533949982208000,2018-01-31T02:54:37.000Z,@amandasutton07 Thank you so much my friend. Itâ€™s a real treat for me for my birthday and I love surprises. Iâ€™ve been to The Magic Kingdom but never Epcot. Hope to visit both.,0,1,1,0,55b4f9e5c516e0b6,,FALSE,en,LadyTeapots,LadyTeapotsğŸ«–,USA & UK ,"Iâ€™m Susie, a collector of #Teapots who loves my British husband #Retirement #AfternoonTea #Gardening #WX #Birding #Photography #Poetry #Art and #England too!",7772,248,109041,193,2012-11-19T22:57:24.000Z,,
85960231,958566000043200512,2018-01-31T05:01:58.000Z,"@Rich_Crawford6 At Magic Kingdom, the one I did today, most of the rides are the same (a few variations). The unique one I loved was the seven dwarves ride! Visiting the other 3 parks too. Heard the new Avatar one is AMAAAAZINGGG.",0,1,0,0,55b4f9e5c516e0b6,,FALSE,en,FrancesWangTV,Frances Wang (#FrannyInMiami),"Miami, FL",ğŸ“ºMorning News Anchor @cbsmiami âœŒğŸ¼@USC Trojan â­ï¸@Disney âœˆï¸CA girl in FL â¤ï¸It's nice to be important but it's more important to be nice,16343,3216,52596,246,2009-10-29T01:06:33.000Z,,
88398360,958904282685718528,2018-02-01T03:26:11.000Z,"About Magic Kingdom yet...ğŸ‘ğŸ˜ƒ em Orlando, Florida https://t.co/HxpNViPMzn",0,0,0,0,55b4f9e5c516e0b6,Point,FALSE,en,delrigaspar,DÃ‰LRI GASPARINO,Vila Velha/ES - Brazil,#vixcarros @vixcarros,161,601,3388,1,2009-11-08T11:10:18.000Z,-81.3758,28.5335
1249859846,959400060478984193,2018-02-02T12:16:13.000Z,"The smile you get before a day at the Magic Kingdom ğŸ’™âœ¨ğŸ°
.
.
.
Hey Disney friends! I have a newâ€¦ https://t.co/H4ymHlYroF",0,0,0,0,55b4f9e5c516e0b6,Point,FALSE,en,BornToDisney,Isabel âœ¨,17 Cherry Tree Lane,It's kind of fun to do the impossible Â°oÂ° future historian ğŸ’– dreams do come true âœ¨,579,305,14580,5,2013-03-07T19:18:23.000Z,-81.3758,28.5335
893939493941661696,959657410850848768,2018-02-03T05:18:50.000Z,"I thought of my #EPCFamily this whole day long while I was at the Magic Kingdom Florida. Never thought Iâ€™d be at this castle, and I have a deeper appreciation for it because of you all! Cheers! @erikpcarlson https://t.co/OQQRIYTkde",1,1,6,0,55b4f9e5c516e0b6,,FALSE,en,FrancesManor,Frances Manor,,Disney. Crafty. Crazy. Art. Theater. Music. Life!,16,40,266,0,2017-08-05T20:59:18.000Z,,
626588837,966746356546244609,2018-02-22T18:47:47.000Z,I'm so excited to be going to Magic Kingdom with my boyfriend âœ¨ğŸ’• ****corrected @theTuckerMCD ğŸ™„ğŸ˜‹,0,0,1,0,55b4f9e5c516e0b6,,FALSE,en,kadesiamariee,kadesia marie,,"ğŸ“ Orlando, FL",545,396,16654,0,2012-07-04T16:34:06.000Z,,
603184626,966862823656603649,2018-02-23T02:30:35.000Z,#TBT to a REALLY spicy ancho chile margarita overlooking the Magic Kingdom....sublime to the ridiculous...#NationalMargaritaDay #spicymargarita @WaltDisneyWorld https://t.co/6C2fkpQMCv,2,1,5,0,55b4f9e5c516e0b6,,FALSE,en,aquino_amy,Amy Aquino,"Los Angeles, CA",Actress and activist. This is the official Twitter feed for Amy Aquino #Bosch  Instagram: @aquino_amy,10020,653,4159,55,2012-06-08T22:09:53.000Z,,
480035562,968473573802299392,2018-02-27T13:11:08.000Z,universal/islands of adventure or magic kingdom? hmmmğŸ¤·ğŸ»â€â™€ï¸,0,0,0,0,55b4f9e5c516e0b6,,FALSE,en,devaaa22,db,Sewell NJ,"wishes do come true, if you believe in them with all your heart",409,481,11322,2,2012-02-01T01:57:44.000Z,,
32245133,968536787651125248,2018-02-27T17:22:19.000Z,"Magic Kingdom â€¢ Seaworld â€¢ Family ğŸ’•âœ¨â˜€ï¸ #Orlando @ Orlando, Florida https://t.co/I3dDVg7UOR",0,0,0,0,55b4f9e5c516e0b6,Point,FALSE,en,sarahjackson_14,Sarah Jackson,"Solon, Ohio ",â€¢kent state university alum â€¢,563,301,24552,17,2009-04-17T01:38:31.000Z,-81.3758,28.5335
954618288,968923784131567617,2018-02-28T19:00:06.000Z,Summer 2016: WDW with Kids- Magic Kingdom  https://t.co/41LiJptGDU,0,0,0,0,55b4f9e5c516e0b6,Point,FALSE,en,KarenLGermain,Karen Lea Germain,"Littleton, CO","I'm a blogger and fiction writer. Los Angeles native, relocated to Colorado. Disney fan, Cat Lover, and married to a Brit.",1087,1109,7057,23,2012-11-18T01:24:41.000Z,-81.3792365,28.5383355
58075643,972096896838795265,2018-03-09T13:08:55.000Z,"Magic Kingdom Bound! â˜„ @ Orlando, Florida https://t.co/bDJZTJ0DCv",0,0,0,0,55b4f9e5c516e0b6,Point,FALSE,en,gringa83,Katie Gill,"M!AM!, FL",Either you run the day or the day runs you -Jim Rohn,55,188,1513,5,2009-07-19T00:41:55.000Z,-81.3758,28.5335
2367935782,972340840701063169,2018-03-10T05:18:16.000Z,magic kingdom was such a good move today. what a way to end spring break 10/10 recommend https://t.co/tjpNOsybXa,0,0,3,2,55b4f9e5c516e0b6,,FALSE,en,scaredIonely,sam,she/her,under the canyon moon // larrie :),1658,277,89268,26,2014-02-27T00:19:11.000Z,,
2980620744,972506966051426304,2018-03-10T16:18:23.000Z,I hope Disney isn't planning to not have a nighttime parade at magic kingdom until it's 50th...,2,1,11,0,55b4f9e5c516e0b6,,FALSE,en,hecallsmePP,Kikiâ€™s Delivery Intern,"Baltimore, MD",Virgo âœ¨ In love with the moon âœ¨ enjoys naps âœ¨ 21+,3895,2453,177607,57,2015-01-13T21:39:37.000Z,,
3022045071,972612656568983552,2018-03-10T23:18:22.000Z,"When youâ€™re sat in MCO pricing up the next time you can visit... 

I have always wants to see Magic Kingdom when itâ€™s a little bit more... spooky ğŸ˜ğŸƒ",0,5,31,0,55b4f9e5c516e0b6,,FALSE,en,RichyDisney,Richy,,"Disney Parks, Experiences & Products News and Information â€¢ Contact: richydisneycontact@gmail.com â€¢ (He/Him/His)",7723,999,43820,53,2015-02-06T20:01:06.000Z,,
542280534,972819403703312384,2018-03-11T12:59:54.000Z,day 2: magic kingdom ğŸ† https://t.co/z5BUr5jXhN,2,0,4,0,55b4f9e5c516e0b6,,FALSE,en,kuwnatt,skywalker,probably at disney,22 | snapchat: cabanasnat | E.Bâ£ï¸,1974,1777,35011,6,2012-04-01T03:18:16.000Z,,
484162207,973671053905088512,2018-03-13T21:24:03.000Z,"The magic of Disney's Animal Kingdom at night.  What is your favorite Disney park?  
Filmed with @GoPro in automatic night timelapse photo mode.  15 mins over 60 degrees with @turnspro

#Disney #turnspro #GoPro https://t.co/pUfGbIo3GI",0,2,2,0,55b4f9e5c516e0b6,,FALSE,en,turnspro,TurnsPro,Plymouth,TurnsPro Time Lapse Camera Mount. Rotating mount for GoPro / cameras  / phones. Create panning time-lapse videos. Buy on Amazon https://t.co/mggDjHiUHY,3522,435,1312,169,2012-02-05T20:06:57.000Z,,
333722375,973791701956530178,2018-03-14T05:23:28.000Z,I remember the princesses &amp; characters at Magic Kingdom being way more accessible. We had to wait in lines to see them. Why wouldnâ€™t they walk around some? I wanted to chat with Tigger.,0,0,1,1,55b4f9e5c516e0b6,,FALSE,en,CarverJohnny,Johnny Carver,"Lenexa, KS ğŸš€ Boca Raton, FL",Miami JD/LLM '19/'20 grad. Arkansas â€˜17. NBA basketball ops/analytics experience. Former Razorbacks basketball analytics. 2x Author. Tweets are mine. Go Chiefs.,3815,3463,58049,54,2011-07-12T00:05:14.000Z,,
333722375,973791700253663233,2018-03-14T05:23:28.000Z,My Disney World complaint is that the princesses &amp; characters werenâ€™t out &amp; about. Princess Jasmine is hardly anywhere. They hide her by the Magic Carpet ride &amp; she only works like half of the day. You canâ€™t find any of her stuff in the Magic Kingdom stores. And where was Mickey?,0,2,3,1,55b4f9e5c516e0b6,,FALSE,en,CarverJohnny,Johnny Carver,"Lenexa, KS ğŸš€ Boca Raton, FL",Miami JD/LLM '19/'20 grad. Arkansas â€˜17. NBA basketball ops/analytics experience. Former Razorbacks basketball analytics. 2x Author. Tweets are mine. Go Chiefs.,3815,3463,58049,54,2011-07-12T00:05:14.000Z,,
941565035498717186,974185265861283841,2018-03-15T07:27:21.000Z,Magic Kingdom â¤ï¸ https://t.co/vZkUP0nfmi,2,0,5,0,55b4f9e5c516e0b6,,FALSE,en,SkyeRobyn,Robyn Skye,LA ,â€œrobinâ€ with a y.,74,31,227,0,2017-12-15T07:06:12.000Z,,
772983276705353728,974374841460633605,2018-03-15T20:00:39.000Z,Disneyâ€™s Magic Kingdom is the most beautiful place on earth. The â€˜Happily Ever Afterâ€™ special at the end is definitely worth the trip. Prettiest thing Iâ€™ve ever seen; literally breath taking and mind blowing. 100/10 recommend.,0,0,6,0,55b4f9e5c516e0b6,,FALSE,en,hhayleymadisonn,hay :))),,emory & henry â€˜24  ğŸ¦‹ğŸ’,213,328,12047,0,2016-09-06T02:22:29.000Z,,
1599982196,974888947649150976,2018-03-17T06:03:32.000Z,"Florida might be most famous for The Happiest Place on Earth, but if you're willing to peak outside the Magic Kingdom for just a bit, you'll see the Most Exciting Place on Earth too! #Florida #AdventureSports #TravelUSA @oltraveller
https://t.co/nphBNKs9Lr",0,0,0,0,55b4f9e5c516e0b6,,FALSE,en,RanjanPalTravel,Ranjan Pal âœˆ,"Gurgaon, India","I am a #TravelWriter, #Photographer, and a world #Traveler. My travel stories have appeared in the @nytimes @CNTIndia @NatGeoTravel @tnlindia and many more ğŸ—ºâœ’ï¸",1149,1948,909,6,2013-07-17T03:58:41.000Z,,
352120283,977029842859429893,2018-03-23T03:50:41.000Z,"Having Harry Potter world,The Magic Kingdom, and some shots withdraws https://t.co/vAIs9ajion",0,0,2,0,55b4f9e5c516e0b6,,FALSE,en,IamVictoriouss_,Tori,,"",174,247,1175,0,2011-08-10T05:15:16.000Z,,
712663991307411456,980533513215709185,2018-04-01T19:53:01.000Z,Couldnâ€™t resist capturing our drop on Splash Mtn @ Magic kingdom ğŸ˜­ #wheeee #wet https://t.co/bKFOYPeHIs,0,1,3,0,55b4f9e5c516e0b6,,FALSE,en,pdenise_howard,Denise Howard,"Kentucky, USA",An avid soccer mom of 2 who loves God & her family. Prov. 3:5-6 #blessed #DisneyFinatic IG is denise_howard9,130,184,1042,2,2016-03-23T15:35:10.000Z,,
176558127,981908646920585216,2018-04-05T14:57:19.000Z,Iâ€™m back at Magic Kingdom working Main Street PAC tonight! So excited ğŸ˜Š,0,0,2,0,55b4f9e5c516e0b6,,FALSE,en,nickmarek,nick,"Orlando, FL","Itâ€™s Disney magic, everythingâ€™s going great!",528,537,17104,9,2010-08-09T21:27:22.000Z,,
310555804,983117378111369216,2018-04-08T23:00:23.000Z,"@kroosly 

Remember that time we went to Magic Kingdom and met Aladdin and Jasmine and they tried to set me up on a date with Abu because I said I didnâ€™t have a diamond in the rough ğŸ˜‚ğŸ˜‚ğŸ˜‚",0,1,0,0,55b4f9e5c516e0b6,,FALSE,en,PrincessaBrunna,Brunna,,Catholic. Princess. Travel Agent. Disney Junkie. Intersectional Feminist. She/Her ğŸ‡§ğŸ‡· ğŸŒ28/196ğŸ—º,274,919,22367,6,2011-06-03T23:32:37.000Z,,
27783797,983491401924186112,2018-04-09T23:46:37.000Z,@Dougp12 Morimoto Asia at Disney Springs; Le Cellier at Epcot (Canada); Dole Whip at Magic Kingdom; drinks with me and my lady at Guesthouse; dinner at Cafe Tu Tu Tango; Tonkotsu Ramen at Domu etc etc,0,0,0,0,55b4f9e5c516e0b6,,FALSE,en,plansgetcomplex,brian m. robin,"Orlando, FL",we can still support each other / all we gotta doâ€™s avoid each other,414,874,25691,4,2009-03-31T01:44:09.000Z,,
3252638446,984490619807682560,2018-04-12T17:57:09.000Z,Iâ€™ve been in Orlando for 6 years and never been to Magic Kingdom..,0,0,0,0,55b4f9e5c516e0b6,,FALSE,en,Ihab_Iskandar,IHAB ISKANDAR,Orlando ,"",774,621,12646,0,2015-05-13T19:44:59.000Z,,
2222588092,986390719731466240,2018-04-17T23:47:28.000Z,Thank you Evan from the Be Our Guest restaurant in Magic Kingdom for making our senior trip dinner magical!! #castcompliments,0,0,1,0,55b4f9e5c516e0b6,,FALSE,en,KruchinskyC,Cassie Kruchinsky,,19,40,95,535,0,2013-12-13T02:15:37.000Z,,
37827520,987339839212277760,2018-04-20T14:38:56.000Z,At the real magic kingdom today. @ The Wizarding World of Harry Potter https://t.co/dG3ouAG579,0,0,0,0,55b4f9e5c516e0b6,Point,FALSE,en,seiadoon2090,SeiaDoon,,Husker Fan. Software Eng. Father of 2 boys. Game podcaster. Fun guy.,163,535,1523,5,2009-05-05T01:57:54.000Z,-81.4734,28.4728
21013730,989510215761526785,2018-04-26T14:23:14.000Z,"Magic Kingdom upping their food game: char siu, Thai spicy noodles, shu mai https://t.co/zOlhYfvpJO",0,0,0,0,55b4f9e5c516e0b6,,FALSE,en,chorizoandbeer,J Beef,"Chicago, IL","""Spanish chorizo or Mexican chorizo?"" ""yes.""",379,261,22833,13,2009-02-16T18:59:00.000Z,,
574809382,989890137516584960,2018-04-27T15:32:54.000Z,Disneyâ€™s Magic Kingdom Shenanigans!! #iCanChangeYourLife #WorkFromAnywhere #LifeisGood #AskMeHowâ€¦ https://t.co/xlFdjBC4R7,0,0,0,0,55b4f9e5c516e0b6,Point,FALSE,en,JeremyMcZeal,Jeremy Mark McZeal,Worldwide,FOUNDER - BYOHGraphix Design ğŸ”¸AdventurologistğŸ”¸DadğŸ”¸ AuthorğŸ”¸Online Business Coach ğŸ”ºGraphic/Web Developer ğŸ”ºSpeaker/influencer,140,278,7067,8,2012-05-08T21:33:14.000Z,-81.3758,28.5335
1406468893,990237812795564033,2018-04-28T14:34:26.000Z,My favorite part about magic kingdom ğŸ’™ğŸ°âœ¨#day2 #trebleindisney https://t.co/AIWCIlReNV,2,0,9,0,55b4f9e5c516e0b6,,FALSE,en,whereisteph,steph ğŸ¦‹,,my lifeguard walks on water â™¡,672,1029,17451,2,2013-05-06T00:58:07.000Z,,
766876150270275585,990806168883867648,2018-04-30T04:12:53.000Z,Day 4: Magic Kingdom ğŸ¤©ğŸ° https://t.co/dCCVzj3zwj,5,1,16,0,55b4f9e5c516e0b6,,FALSE,en,awleeawnuh,á´€ÊŸÉªá´€É´á´€ ãƒ„,,be good and do good | UT EVE ğŸ¤˜ğŸ½,913,607,4073,0,2016-08-20T05:54:56.000Z,,
4139571554,990910837287251970,2018-04-30T11:08:48.000Z,Disney day cuatro: magic kingdom ğŸ’« https://t.co/p8ZuUQ9CjT,0,1,1,0,55b4f9e5c516e0b6,,FALSE,en,AmberSalad,amber â™¡,music room 3,â˜» she/her and really dumb,439,281,20273,0,2015-11-05T22:34:20.000Z,,
14169515,991143288936771585,2018-05-01T02:32:29.000Z,Watching the Happily Ever After fireworks with @elainehowlin_ from the top deck of the ferry as it pulled away from Magic Kingdom is a Top 5 moment in my life.,0,1,19,0,55b4f9e5c516e0b6,,FALSE,en,IrishJaguar,Stevie,New Ross â¡ï¸ Waterford â¡ï¸ Cork,"Jacksonville Jaguars, AVFC & Oakland Athletics victim | #DTWD | Comics nerd | Warhammer addict | Code monkey | he/his | Stupid Stats with Stevie #SSwS",2494,488,87938,78,2008-03-18T12:47:30.000Z,,
243899171,991149741600800768,2018-05-01T02:58:07.000Z,"New Video: Family Vacation To Florida | Disney World Magic Kingdom | Vlog 109

Full Video: https://t.co/Ux3fqYZ8W5 https://t.co/pAtMCHTGsD",0,0,0,0,55b4f9e5c516e0b6,,FALSE,en,CrackaLack,Cracka Lack,"Lansing, MI","ğŸ’° Entrepreneur ğŸ“½ Videographer ğŸ¹ Music Producer
ğŸ“º 52k Subs on YouTube | CrackaLackTV
CrackaLackMusic@gmail.com",21386,8237,45945,130,2011-01-28T01:51:54.000Z,,
166061212,992633766215593984,2018-05-05T05:15:06.000Z,"Magic Kingdom ğŸ˜ğŸ˜ğŸ˜ en Orlando, Florida https://t.co/H0j91neakQ",0,0,1,0,55b4f9e5c516e0b6,Point,FALSE,en,susiwen,Susana Wen MuÃ±oz,,Enamorada de mis animales y feliz!,145,557,1526,1,2010-07-13T06:31:49.000Z,-81.3758,28.5335
4887761675,992773391722655744,2018-05-05T14:29:56.000Z,â€œWeâ€™ll be at the Magic Kingdom in 13 minutes.  Would you like some gum or anything?  Oh and let me know if itâ€™s too hot or too cold.  Gotta keep my high rating!â€ https://t.co/avmoJf0ZfS,1,1,0,0,55b4f9e5c516e0b6,,FALSE,en,JurisInceptor,Uber/Lyft,"Orlando, FL",OG Uber. #tipuber #Disney #Universal #Uber #Lyft Tweets are ONLY opinions. Mi â¤ï¸ es Latino. I drive electric. My bffâ€™s primo es Rauw Alejandro. â¤ï¸ Cali.,2198,2735,6587,0,2016-02-08T10:54:35.000Z,,
422358339,994047297427263489,2018-05-09T02:51:58.000Z,Magic Kingdom Park..âœ¨ https://t.co/wkCEfUcRhs,0,0,0,0,55b4f9e5c516e0b6,,FALSE,en,hanoufalzaid_,Ù‡Ù†ÙˆÙ..,Kuwait|WashingtonD.C.|Virginia,92112| @VCU alumna,508,230,7152,2,2011-11-27T05:00:53.000Z,,
1427070702,995522708875153408,2018-05-13T04:34:44.000Z,i have to be at magic kingdom in 6 hours letâ€™s get drunk quick,0,0,1,0,55b4f9e5c516e0b6,,FALSE,en,sapphiresux,Ù‹,orlando,no i cant cuff u bby i am not the cops,1779,155,30013,12,2013-05-14T05:47:49.000Z,,
1403301979,995824857555271684,2018-05-14T00:35:22.000Z,What a great way to spend my Mother's Day at the Magic Kingdom!! https://t.co/SVlK5FtBz0,0,0,0,0,55b4f9e5c516e0b6,,FALSE,en,NiecyP3,BossLadyATL110,"Atlanta, GA",Proud Nana|Mother|Educator|Future Business Owner| Fifty&Fabulous|Lioness Spirit|God First|Loving Life|Being Thankful|Living My Best|Single,74,274,1232,1,2013-05-04T20:08:28.000Z,,
360125514,996165540698701825,2018-05-14T23:09:07.000Z,I still cannot believe we were able to see this in person! HAPPILY EVER AFTER Magic Kingdom Fireworks 4K Full Show + Outro | Walt D... https://t.co/C8XoExOEFQ via @YouTube @_thatsoely @CharityVeluzTorrenueva #HappilyEverAfter #MagicKingdom #fireworks @WaltDisneyWorld ğŸ¤©ğŸ˜­ğŸŒ ğŸ‡ğŸ†,0,1,1,0,55b4f9e5c516e0b6,,FALSE,en,ChrisTorrenueva,Christopher Torrenueva,Canada,#TrentUniversity ğŸ“š #BlackLivesMatter #StopAsianHate #IdleNoMore âœŠğŸ¿âœŠğŸ¾âœŠğŸ½âœŠğŸ¼âœŠğŸ»âœŠğŸŒğŸŒğŸŒ,67,226,634,0,2011-08-22T18:38:28.000Z,,
279193812,996233508526977024,2018-05-15T03:39:12.000Z,my favourite part about magic kingdom today was hearing an older woman ask â€œwho is this princess Tiana? I donâ€™t know herâ€ YES NONE OF US HAVE,0,0,0,0,55b4f9e5c516e0b6,,FALSE,en,d4ydre4ming,dav,"Kilmarnock, Scotland","ğ”­ğ”¢ğ”¯ğ”¥ğ”ğ”­ğ”° ğ”¥ğ”¬ğ”­ğ”¢ğ”©ğ”¢ğ”°ğ”° ğ”¦ğ”°ğ”«â€™ğ”± ğ” ğ”­ğ”©ğ”ğ” ğ”¢,            ğ”«ğ”¬ğ”±ğ”¥ğ”¦ğ”«ğ”¤ ğ”Ÿğ”²ğ”± ğ” ğ”°ğ”±ğ”ğ”±ğ”¢ ğ”¬ğ”£ ğ”ªğ”¦ğ”«ğ”¡ ğŸ¦‹",1392,490,76636,9,2011-04-08T19:41:42.000Z,,
279193812,996233648218214400,2018-05-15T03:39:45.000Z,"Iâ€™m joking but honestly magic kingdom was just breathtaking, itâ€™s so beautiful and perfect and I had such a great day even if I am dead",0,0,0,0,55b4f9e5c516e0b6,,FALSE,en,d4ydre4ming,dav,"Kilmarnock, Scotland","ğ”­ğ”¢ğ”¯ğ”¥ğ”ğ”­ğ”° ğ”¥ğ”¬ğ”­ğ”¢ğ”©ğ”¢ğ”°ğ”° ğ”¦ğ”°ğ”«â€™ğ”± ğ” ğ”­ğ”©ğ”ğ” ğ”¢,            ğ”«ğ”¬ğ”±ğ”¥ğ”¦ğ”«ğ”¤ ğ”Ÿğ”²ğ”± ğ” ğ”°ğ”±ğ”ğ”±ğ”¢ ğ”¬ğ”£ ğ”ªğ”¦ğ”«ğ”¡ ğŸ¦‹",1392,490,76636,9,2011-04-08T19:41:42.000Z,,
87204432,996242816744546305,2018-05-15T04:16:11.000Z,"After a fun day at The Magic Kingdom, my sister @lakarielisabethâ€¦ https://t.co/C3KPEhDlV7",0,0,0,0,55b4f9e5c516e0b6,Point,FALSE,en,owendesign,Jay Owen ğŸ‘¨ğŸ¼â€ğŸ’»,"St. Augustine, Florida","Husband of 1, Father of 5 - Founded https://t.co/gVhW7wQN3J in 1999",969,1165,13404,56,2009-11-03T14:39:58.000Z,-81.3835029,28.53943206
19308391,996774602968887298,2018-05-16T15:29:19.000Z,"Whoa. A car was ablaze in the Magic Kingdom parking lot back in March, and the nearest fire hydrant was 2,000 feet away. Good reporting by @gabriellerusson: https://t.co/dezwhhdwJa",2,1,1,0,55b4f9e5c516e0b6,,FALSE,en,reporterannie,Annie Martin,"Orlando, FL",I cover education for @orlandosentinel. Love to read and run. PNW girl at heart. @MedillSchool grad. Letâ€™s chat: anmartin@orlandosentinel.com,2475,872,10483,97,2009-01-21T21:14:18.000Z,,
1069027322,997487821588979712,2018-05-18T14:43:23.000Z,"#DisneyWorld announces new ""After Fireworks Dessert Party."" Details: https://t.co/kYzmgy2mZF",1,1,3,0,55b4f9e5c516e0b6,,FALSE,en,thrillgeek,ğŸ¢ ThrillGeek ğŸ¥,"Orlando, FL","Theme park, travel, and pop culture updates from ğŸ° Disney, ğŸŒ Universal and more - Come join over 50,000 YouTube subscribers - https://t.co/NQ4SGHVhOi",11741,818,68589,167,2013-01-07T19:06:15.000Z,,
159421884,998403391062790144,2018-05-21T03:21:32.000Z,Not even bad weather is going to stop us from experiencing Fireworks ğŸ‡ display in the Magic Kingdom. #disneyworld2018 https://t.co/gAuJ4u7NXW,0,0,0,0,55b4f9e5c516e0b6,,FALSE,en,LutherPeriLao,Luther Lao,"Southampton, England",Home cook; wannabe YOUTUBER,147,1329,2845,4,2010-06-25T09:42:12.000Z,,
1427070702,998666504324485120,2018-05-21T20:47:03.000Z,itâ€™s my day off but i wish i went to magic kingdom today,0,0,1,0,55b4f9e5c516e0b6,,FALSE,en,sapphiresux,Ù‹,orlando,no i cant cuff u bby i am not the cops,1779,155,30013,12,2013-05-14T05:47:49.000Z,,
279193812,999606904237240320,2018-05-24T11:03:52.000Z,"So gutted Sunday was genuinely my last day at Magic Kingdom, I need 100 days there but I was only here for 14 ğŸ˜­",0,0,0,0,55b4f9e5c516e0b6,,FALSE,en,d4ydre4ming,dav,"Kilmarnock, Scotland","ğ”­ğ”¢ğ”¯ğ”¥ğ”ğ”­ğ”° ğ”¥ğ”¬ğ”­ğ”¢ğ”©ğ”¢ğ”°ğ”° ğ”¦ğ”°ğ”«â€™ğ”± ğ” ğ”­ğ”©ğ”ğ” ğ”¢,            ğ”«ğ”¬ğ”±ğ”¥ğ”¦ğ”«ğ”¤ ğ”Ÿğ”²ğ”± ğ” ğ”°ğ”±ğ”ğ”±ğ”¢ ğ”¬ğ”£ ğ”ªğ”¦ğ”«ğ”¡ ğŸ¦‹",1392,490,76636,9,2011-04-08T19:41:42.000Z,,
138555304,999623718149160962,2018-05-24T12:10:41.000Z,"I have enough experience in parks to tell you stories about moms crying to me because some guest told her she was fine and didnâ€™t need an ECV, when it was the only way for her take her son to Magic Kingdom",0,1,4,0,55b4f9e5c516e0b6,,FALSE,en,nataliegallops,NatalieğŸ´ get your jab!!,"Del Boca Vista, Florida","Caffeinated progressive. Award-winning author - dressage queen - @thenational fangirl. Itâ€™s not you, my mentions are turned off. Okay, it might be you.",2717,983,127757,139,2010-04-29T22:04:29.000Z,,
26590267,1000802321151025152,2018-05-27T18:14:02.000Z,"â€œWhere you from?â€

â€œFLâ€

â€œWhere in FL?â€

â€œOrlandoâ€

â€œOhh, what it near?â€

â€œOcoee, Windermere, Clarmont, Winter Garden, Apopka.â€

â€œHuh?â€

â€œDisney World... I live at Magic Kingdom. In Space Mountain. I am Mickey Mouse.â€ https://t.co/zcpTpNeIP9",3,0,5,1,55b4f9e5c516e0b6,,FALSE,en,doughankins,Doug Hankins,Shelby NC,Christ follower. Husband to @nataliehankins. Pastor at @fbcShelbyNC. Former seat saver @TheTableOrl. Thoughts and opinions my own. SICEM ğŸ».,767,465,10642,19,2009-03-25T21:01:45.000Z,,
314891984,1002682634881978369,2018-06-01T22:45:43.000Z,This is really gonna be me walking into the Magic Kingdom tomorrow https://t.co/xRFW7HDAce,0,0,1,0,55b4f9e5c516e0b6,,FALSE,en,hanfillette,Hannah Fillette,"New York, USA","",168,59,4976,2,2011-06-11T00:07:26.000Z,,
2473505185,1003957659320627200,2018-06-05T11:12:13.000Z,Disneyâ€™s Magic Kingdom: Disney World Florida https://t.co/4zvKIjwt5q,0,0,0,0,55b4f9e5c516e0b6,,FALSE,en,montyydrew,Drew Mendoza,"Monterrey, Nuevo Leon, Mexico",AutoBahn Motor Group | MDZ | SNACK-PLAY | Banned Streetwear | Youtuber âš ï¸ Iâ€™m Controversial,3223,2022,4497,0,2014-05-02T05:27:27.000Z,,
129037437,1004144752844070912,2018-06-05T23:35:39.000Z,"This is love right here. I got you and the baby on a return trip to Magic Kingdom whenever you like, Ocho. https://t.co/A4gLPPk0yx",0,0,0,0,55b4f9e5c516e0b6,,FALSE,en,TheGr8estEver,Dre From the Way,From Zone 15 to the 407,"Big Spring made. West Baltimore created. Central Florida living.

 A reformed product of a failed system. 

â™â™
#GoBucks
#MFFL 
#TitanUp
#StraightUpTX",799,632,79227,24,2010-04-03T00:45:06.000Z,,
259497056,1008405696918978560,2018-06-17T17:47:08.000Z,Disney magic kingdom https://t.co/P3XIYPaBnz,3,0,3,0,55b4f9e5c516e0b6,,FALSE,en,hasan_alshakhs,Hasan,"Los Angeles, CA",BFA Film | Photo | Art | Coffee | Books | Travel,957,458,8086,2,2011-03-02T01:15:20.000Z,,
96638777,1012084742420758528,2018-06-27T21:26:20.000Z,"@WDWToday why magic kingdom closing so early in June, 10 or 11 pm. Prior visits had multiple days open til 1 or 2 am.",0,2,0,0,55b4f9e5c516e0b6,,FALSE,en,RonClarkJr,HAMMERswingsDQWNâ˜ ï¸ğŸ‡ºğŸ‡¸,"Dallas, TX",Real Estate Investor & Entrepreneur who focuses on Short Sales and Seller Financed Notes,197,1557,3461,6,2009-12-13T22:26:10.000Z,,
849597972,1012112617203208194,2018-06-27T23:17:06.000Z,@ChrisisSingin it was great seeing you today @WaltDisneyWorld Magic Kingdom.  I was to shy to say hi.,0,0,0,0,55b4f9e5c516e0b6,,FALSE,en,OrlandoABFAB,Frank Martin,"Orlando, Florida",46 year old male in Orlando. Lover of dogs :)GAY!,852,3719,3684,15,2012-09-27T17:07:38.000Z,,
2902897426,1014715389090193413,2018-07-05T03:39:35.000Z,"Magic Kingdom, you wore my ass out today",0,0,0,0,55b4f9e5c516e0b6,,FALSE,en,k_roshelle,k_roshelle ğŸ¥€,Houstatlantavegas,24. life is good.,743,491,13013,1,2014-12-02T20:45:14.000Z,,
556438779,1017795407085232128,2018-07-13T15:38:29.000Z,"On our way for our next @WaltDisneyWorld adventure! Itâ€™s a #MomandSonUnboxDisney trip and we canâ€™t wait for tomorrow night when we experience Disney After Hours in Magic Kingdom. Thank you @southwestair for getting us here safely.â¤ï¸

#DisneyAfterHours #DisneyPartner https://t.co/CW6M4yUtLa",0,2,3,0,55b4f9e5c516e0b6,,FALSE,en,UnboxedMom,"Linda Scruggs, BSN, RN",NYCâ€¢Nashville,Healthcare Communications Specialist. Content Writer. Fertility/Maternal/Parenting/Senior Care/Family Wellness. @StJude Blog Ambassador unboxedmom@gmail.com,7705,7477,4889,225,2012-04-17T22:58:24.000Z,,
10141422,1018245744879390720,2018-07-14T21:27:58.000Z,"REVIEW: Cheeseburger Spring Rolls Return to Adventureland at Magic Kingdom Park

https://t.co/763NvBQHI8 https://t.co/qLcucic5IQ",10,6,92,3,55b4f9e5c516e0b6,,FALSE,en,WDWNT,WDW News Today,"Orlando, FL","WDWNT is devoted to bringing you news from the Disney Parks around the globe, focusing on Walt Disney World. We are not affiliated with the Walt Disney Co.",202378,239,90143,1705,2007-11-11T01:25:09.000Z,,
207349500,1019018285298470913,2018-07-17T00:37:46.000Z,Disney's Magic Kingdom - Where dreams come true âœ¨#MagicKingdom https://t.co/aPDqDW4cFL,2,0,22,0,55b4f9e5c516e0b6,,FALSE,en,JorgedeCastroPR,Jorge A. de Castro FernÃ¡ndez,"San Juan, Puerto Rico",| B.A. Ciencias PolÃ­ticas | MaestrÃ­a en Gobierno y PolÃ­ticas PÃºblicas | Estudiante de Derecho de la PUCPR âš–ï¸ | Juventud con Compromiso ğŸ¤ğŸ‡µğŸ‡·ğŸ‡ºğŸ‡¸,1572,985,35851,17,2010-10-25T03:37:27.000Z,,
25095916,1019060977067790336,2018-07-17T03:27:24.000Z,@mmwright427 @barbcamblin Magic Kingdom! ğŸ˜‚,0,0,0,0,55b4f9e5c516e0b6,,FALSE,en,Goingglobal,Ron Camblin,"Florida, USA",Seeking ways to influence others from the Neighborhood to the Nations!,679,245,4431,18,2009-03-18T15:58:59.000Z,,
888928285362720768,1019390909081903105,2018-07-18T01:18:26.000Z,"Where dreams come true! Magic Kingdom, Disney World, Orlando https://t.co/nDTmJq9CMO https://t.co/yq4MKj2ask",1,0,2,0,55b4f9e5c516e0b6,,FALSE,en,vanimatideviaje,Vani & Mati De Viaje,,"Somos Vani y Mati, argentinos, emigrados y viajeros!! Te mostramos nuestros viajes y nuestra vida en EspaÃ±a en IG y YouTube: vanimatideviaje",2099,677,814,19,2017-07-23T01:06:33.000Z,,
14150493,1019603146509836288,2018-07-18T15:21:48.000Z,I'm going to Magic Kingdom for a 2ft long hot dog at Casey's Corner. Wish me luck! #NationalHotDogDay,0,0,1,0,55b4f9e5c516e0b6,,FALSE,en,SirZac,Bringing Sexy Zac,"Orlando, FL",Leather Daddy; gaymer. i sell shit on the internet. This is my personal account,2081,2001,42229,70,2008-03-15T00:51:26.000Z,,
19578096,1020045966970359809,2018-07-19T20:41:24.000Z,"I've been in Orlando for 10 days and I got ""the feels"" 4 times. Magic Kingdom Fireworks Show, Star Wars Galactic Spectacular, TN Innovator Talks, and the #TLCC2018 closing video. I never know what's gonna get me all emotional or exactly why but TLCC has never been an exception.",0,0,10,0,55b4f9e5c516e0b6,,FALSE,en,ATXAquaman,Greg Garcia ğŸ˜·,"Austin, TX",Top-Shelf Friend,140,229,960,2,2009-01-27T04:54:50.000Z,,
429176250,1020665400369995777,2018-07-21T13:42:49.000Z,"Disneyâ€™s Magic Kingdom ğŸ†ğŸ‡ #Orlando2018 en Orlando, Florida https://t.co/14iKlGQjD9",0,0,0,0,55b4f9e5c516e0b6,Point,FALSE,en,FerRichaud,Fernanda Richaud,,"Mexican Swimmer. Model. XXIV. Mty, NL, MÃ©xico.",1473,445,18223,17,2011-12-05T17:11:51.000Z,-81.3758,28.5335
366993926,1021470555734757376,2018-07-23T19:02:13.000Z,How much to visit Magic Kingdom and Epcot without the Bloggers though?,0,3,20,0,55b4f9e5c516e0b6,,FALSE,en,ThemeParkBeer,Theme Park Beer Drinker,"Orlando, FL",Good Beer | Marathons | Simpsons | Theme Parks | Dad of 2 princesses | Soccer | Orlando Area Beer Scene | not affiliated with any park or beer company,3629,2127,33013,87,2011-09-03T05:42:31.000Z,,
36039431,1022696520527691776,2018-07-27T04:13:45.000Z,"Three days of fun in Orlando, Florida! Went to the Magic Kingdom, Animal Kingdom and Kennedy Space Center. My feet hurt so much from all the walking ğŸ˜‚ thank godâ€¦ https://t.co/5awiq0X7GJ",0,0,0,0,55b4f9e5c516e0b6,Point,FALSE,en,xtaketotheskies,Michelleâ·âœ¨,"Rotterdam, The Netherlands",i design interfaces so i can fund my kpop and coffee addiction. ğŸŒ¼ #BTSARMY,180,141,35603,0,2009-04-28T11:08:15.000Z,-81.3758,28.5335
1010224065087406080,1024066135954731011,2018-07-30T22:56:07.000Z,"Vacation Club members attending Mickeyâ€™s Not-So-Scary Halloween Party can get early access to Magic Kingdom this year. ğŸƒğŸ‘»

https://t.co/dHDLx98XZX",0,0,0,0,55b4f9e5c516e0b6,,FALSE,en,PixieDustNews,ProspectivePixieDust,"Orlando, FL","Making it a priority to find the latest news around Disney Parks, entertainment and consumer offerings.",106,59,2441,0,2018-06-22T18:12:40.000Z,,
1010224065087406080,1024095384426225669,2018-07-31T00:52:21.000Z,"This yearâ€™s Halloween Party Sorcererâ€™s of the Magic Kingdom card features an Adventureland icon! ğŸ¥ğŸŠ

https://t.co/bS6rVq2C6m",0,0,0,0,55b4f9e5c516e0b6,,FALSE,en,PixieDustNews,ProspectivePixieDust,"Orlando, FL","Making it a priority to find the latest news around Disney Parks, entertainment and consumer offerings.",106,59,2441,0,2018-06-22T18:12:40.000Z,,
877810281157709825,1024240924216446976,2018-07-31T10:30:40.000Z,"Any guesses?
You have 4 answers to choose from
1.  Magic Kingdom
2.  Animal Kingdom
3.  Epcot
4.  Hollywood Studios @ Orlando, Florida https://t.co/kqZkPuTYtf",0,0,0,0,55b4f9e5c516e0b6,Point,FALSE,en,Venture2Fitnes,Victoria L. Johnson,"Westchase, FL","",64,296,3192,0,2017-06-22T08:47:34.000Z,-81.3758,28.5335
85976743,1024737662891114496,2018-08-01T19:24:32.000Z,"Everyone: When is Magic Kingdom getting a new nighttime parade?

Disney: https://t.co/K1iXjqedKh",0,0,4,0,55b4f9e5c516e0b6,,FALSE,en,AlexFarnworth,Alex Farnworth,"Orlando, FL","Disney blogger, Executive Producer at @mynews13, former @7news writer & Disney CM (and created the Awkward Olafâ„¢ï¸ during my CP).",746,2140,20580,5,2009-10-29T02:36:38.000Z,,
3307557016,1025176065168338944,2018-08-03T00:26:35.000Z,#CastCompliment to Ace at Town Square Theatre in Magic Kingdom for taking Disney magic to a whole new level! https://t.co/5v4F1OtnLE,0,0,1,0,55b4f9e5c516e0b6,,FALSE,en,eliza_bethie,Beth Pfohl,"Pennsylvania, USA",Love and Honor '19 | Insta: eliza_bethie |  Just a grown-up kid making my way across the ğŸ—º,276,260,1194,0,2015-06-03T22:13:55.000Z,,
982659611512668160,1025460720228544512,2018-08-03T19:17:42.000Z,Hereâ€™s cool pictures we took from the airplane of Magic Kingdom(right) and also of the Disney forest ğŸŒ³ (left)! https://t.co/wli8r3XevN,0,0,26,0,55b4f9e5c516e0b6,,FALSE,en,ThemeParkKid11,The Theme Park KidğŸ¸ğŸ·,"Florida, USA","Hi! Iâ€™m Lily, a YouTube vlogger that covers mostly Disneyworld and Universal Studios. I love everything Disney, Muppets and theme parks!",2222,2247,3356,7,2018-04-07T16:41:23.000Z,,
1716166813,1026332894774652930,2018-08-06T05:03:25.000Z,Magic kingdom was a blast tho &lt;3,0,0,0,0,55b4f9e5c516e0b6,,FALSE,en,_MadelineG,Madeline ğŸŒ¸,FL â˜€ï¸,21 | ğŸ‡²ğŸ‡½,385,215,12205,2,2013-08-31T16:26:14.000Z,,
1010224065087406080,1026508664096677889,2018-08-06T16:41:51.000Z,"Is a hot dog a sandwich? ğŸŒ­ğŸ§€

https://t.co/Ws7pRb02vD",0,0,0,0,55b4f9e5c516e0b6,,FALSE,en,PixieDustNews,ProspectivePixieDust,"Orlando, FL","Making it a priority to find the latest news around Disney Parks, entertainment and consumer offerings.",106,59,2441,0,2018-06-22T18:12:40.000Z,,
117440196,1028080517491638273,2018-08-11T00:47:50.000Z,"Where magic happens: Magic Kingdom. ||  

â“‹â’¾â“‹â’º â“â’¶ â’»â“â“„â“‡â’¾â’¹â’¶ 

@vive_la_florida #vivelaflorida 

#disney #magickingdom #orlando #castle #magic #color #night #photo #photography #travel #traveler #traveller #travelling #dreams #believe #illusion @disney @DisneyMKingdoms https://t.co/9G4Qlz3Kfc",1,0,2,0,55b4f9e5c516e0b6,,FALSE,en,edwarsimal,Edwar Simal,"Miami Beach, FL","Life through my lenses...
â˜† Miami Beach Based | USA. 
â˜† Photographer.
â˜† Entrepreneur.
Sessions DM or email to photo@edwarsimal.com
Instagram: @edwarsimal",270,151,6202,0,2010-02-25T15:33:48.000Z,,
117440196,1028089081526448128,2018-08-11T01:21:52.000Z,"Where magic happens: Fire Dancer at Disney's Animal Kingdom. ||  

â“‹â’¾â“‹â’º â“â’¶ â’»â“â“„â“‡â’¾â’¹â’¶ 

@vive_la_florida #vivelaflorida 

#disney #animalkingdom #orlando #firedance #firedancer #fire #magic #color #night #photo  #travel #traveler #traveller #believe #illusion @disney https://t.co/Fyoj7KFc5g",0,0,1,0,55b4f9e5c516e0b6,,FALSE,en,edwarsimal,Edwar Simal,"Miami Beach, FL","Life through my lenses...
â˜† Miami Beach Based | USA. 
â˜† Photographer.
â˜† Entrepreneur.
Sessions DM or email to photo@edwarsimal.com
Instagram: @edwarsimal",270,151,6202,0,2010-02-25T15:33:48.000Z,,
32761410,1030951837355175937,2018-08-18T22:57:26.000Z,So happy that I was finally able to wear my ears from whimsyandwhatknots at the Magic Kingdom today!! I love how they sparkle! I am obsessed with their ears!!!â€¦ https://t.co/9ERL2zQ5WZ,0,0,0,0,55b4f9e5c516e0b6,Point,FALSE,en,Susans_ORL_Life,Susan,Orlando florida,Susan Michele  Disney Obsessed APH Skin Care and Make up Junkie Minoring in being a Foodie â¤ï¸ Body contour & Miradry specialist â¤ï¸ Belongs to @orlandrewfl,531,573,14139,1,2009-04-18T03:26:17.000Z,-81.3758,28.5335
805828278124683264,1031467754258399232,2018-08-20T09:07:31.000Z,Magic Kingdom (USA) #castelodacinderela #magickingdom #disney #disneyland #disneyworld #waltdisney #waltdisneyworld #cinderellacastle #orlando #florida #eua #nemluxonemmochila #trip #euamoviajar #travel https://t.co/6QxqfAwwmS,0,0,0,0,55b4f9e5c516e0b6,,FALSE,en,NemLuxoMochila,Nem Luxo Nem Mochila,Brazil,Fotos apenas de Lugares que jÃ¡ passamos! Priscila Vale @priscilarvale | Ricardo Oliveira @xandraos  Utilize #nemluxonemmochila,119,165,803,12,2016-12-05T17:36:47.000Z,,
39885743,1032052405096140800,2018-08-21T23:50:42.000Z,"It's been a while, but I picked up a random background extra gig for a photo shoot at Magic Kingdom tomorrow morning. The call time is 4:30am, which means I should have been in bed 2 hours ago",0,0,1,0,55b4f9e5c516e0b6,,FALSE,en,genemagee,Gene Magee,"Orlando, FL.","Actor: Universal Orlando, Walt Disney World, Tampa Bay Rays, Progressive Boat Show Tour Emcee",1657,1836,31294,36,2009-05-14T00:49:10.000Z,,
1409844818,1032893569957277698,2018-08-24T07:33:11.000Z,"magic kingdom, animal kingdom and epcot âœ… 

tomorrow universal studios/ adventure island with @freddyolo ğŸ’“ https://t.co/hzLDJo1ZaY",1,1,15,0,55b4f9e5c516e0b6,,FALSE,en,brzywave,breezy,,"",2028,282,26594,9,2013-05-07T09:47:28.000Z,,
4079948663,1033429431598108674,2018-08-25T19:02:31.000Z,"Halloweenâ€¦ it seemed for far away for so very long, but now, itâ€™s just around the corner! Get your favorite Halloween costume ready for Mickeyâ€™s Not-So-Scary Halloween Party, a separately ticketed event in Magic Kingdom park that is already in progress! https://t.co/azK63x7aEP https://t.co/6QfhOAgotS",1,0,2,0,55b4f9e5c516e0b6,,FALSE,en,positiveosceola,Positively Osceola,"Kissimmee, FL","Osceola News that Informs, Impacts and Inspires!",2090,1041,8203,18,2015-10-31T04:03:43.000Z,,
114305386,1035139301556801537,2018-08-30T12:16:56.000Z,"Before heading out for the day, I couldnâ€™t help but check out the hotel Gym... as you can see it did not disappoint! Magic Kingdom here we come! 
.
.
.
#jacklalanne #gym #cabanabayresortâ€¦ https://t.co/NDSgklKi7S",0,0,0,0,55b4f9e5c516e0b6,Point,FALSE,en,ScottKGreen,Scott Green,London,Display Marketeer. Creative Thinker. Blogger. Work at Mars Choc and â¤ï¸our awesome brands. Follow my work: Twitter: @PencilPenP Instagram: @pencilpenpostcards,209,565,2874,10,2010-02-14T23:14:13.000Z,-81.47322321,28.46518552
17300660,1036195695756238848,2018-09-02T10:14:40.000Z,Couldnâ€™t have asked for a more magical birthday in the Magic Kingdom! Met a total of 13 princesses and got them all to autograph a tote bag for me! This is partâ€¦ https://t.co/5TKOxsl2iy,0,0,0,0,55b4f9e5c516e0b6,Point,FALSE,en,PrettyNeekay,Nikki Hopkins,Philadelphia,"Love Philly, Photography, Caffeine, and my cats.",121,333,10136,7,2008-11-11T02:06:28.000Z,-81.3758,28.5335
387316431,1036772670908649473,2018-09-04T00:27:21.000Z,Pregnancy announcement at Magic Kingdom â¤ï¸ Amazing two year anniversary trip. I love you @vikobennawan https://t.co/wfyyqK9eH2,4,0,32,0,55b4f9e5c516e0b6,,FALSE,en,Vivi_AHHNa,Vivianaâ™¥,cali ,God Is Preparing You For Greater Things. MARRIED TO THE LOVE OF MY LIFE Viko Bennawanâ¤ï¸ Look Us Up On Youtube!,318,270,14766,3,2011-10-08T20:53:50.000Z,,
25477239,1037646619418800128,2018-09-06T10:20:07.000Z,MAGIC KINGDOM TODAY,0,2,19,0,55b4f9e5c516e0b6,,FALSE,en,purrkittykat,cabrona,"Inglewood || Whittier, CA","",1953,1012,147600,37,2009-03-20T07:56:47.000Z,,
2248294549,1038621087842623488,2018-09-09T02:52:18.000Z,Tonight I got paid to sit on a boat and watch the magic kingdom fireworks... I think my professional career has peaked,0,0,16,0,55b4f9e5c516e0b6,,FALSE,en,MaddieeParkerr,Maddie Parker,"Walt Disney World, FL","Life is too short for fake butter, cheese or people",215,249,1406,0,2013-12-16T06:27:08.000Z,,
3057912454,1039525396109295618,2018-09-11T14:45:42.000Z,Magic Kingdom today â¤ï¸âœ¨,0,0,5,0,55b4f9e5c516e0b6,,FALSE,en,kell5ykelly,kell5y,"tampa, florida",Donâ€™t be afraid. Iâ€™m going to give you the choice I never had.,611,371,4628,2,2015-02-24T02:14:57.000Z,,
2206978069,1040538340058193920,2018-09-14T09:50:47.000Z,Disney's Magic KingdomğŸ’™ğŸ‡ºğŸ‡¸ https://t.co/1LUHmmffXC,0,0,1,0,55b4f9e5c516e0b6,,FALSE,en,_aimm4,Abrarâœ¨,Ø§Ù„Ø§Ù…Ø§Ø±Ø§Øª Ø§Ù„Ø¹Ø±Ø¨ÙŠØ© Ø§Ù„Ù…ØªØ­Ø¯Ø©,SharjahğŸ‡¦ğŸ‡ª Don't give upğŸ’¨,432,154,10006,2,2013-11-21T11:11:06.000Z,,
822317747388366848,1041089531213168640,2018-09-15T22:21:01.000Z,We rope drop Magic Kingdom in todayâ€™s new vlog! It is our favorite thing to do! Have you ever been to Magic Kingdom early in the morning?! Catch up with all we do by clicking the link! https://t.co/vlPcmmnv7R https://t.co/BLsWyNpwoY,2,1,9,1,55b4f9e5c516e0b6,,FALSE,en,dreamitdoitdis,DreamitDoitDisney,Walt Disney World,Kevin & Beth! âœ¨ WDW AP ğŸ° Disney Vloggers ğŸ¥ Disney Bloggers ğŸ’»ğŸ’« https://t.co/ONCg88QszR,171,86,1539,0,2017-01-20T05:40:03.000Z,,
2699603894,1041098668626063361,2018-09-15T22:57:19.000Z,You can find me in Magic Kingdom acting like the princess that I am https://t.co/dIm5cmjnJP,0,0,2,0,55b4f9e5c516e0b6,,FALSE,en,KawaiiDeerxo,ğŸ€,"Orlando, FL",â™¡ black barbie ÂºoÂº kawaii girl â™¡ Sagiiii â™¡ https://t.co/xi3c4BVvEO,292,192,5679,6,2014-08-02T01:40:56.000Z,,
449956663,1041151481775370240,2018-09-16T02:27:11.000Z,@cwalenta Magic Kingdom,0,0,0,0,55b4f9e5c516e0b6,,FALSE,en,SchuckJH,Ê• â€¢á´¥â€¢Ê”,Coolsville,The Right Lord King of This Bar,1456,731,45831,30,2011-12-29T18:04:37.000Z,,
2535980434,1041839317377867776,2018-09-18T00:00:24.000Z,Abigailâ€™s first trip to Magic Kingdom. https://t.co/1YFlyi7JmT,20,3,111,2,55b4f9e5c516e0b6,,FALSE,en,abxros,AbigailR,"Miami, FL ",â€œAll the love. Hâ€,839,535,13245,1,2014-05-08T23:00:56.000Z,,
2954740245,1041887621692235776,2018-09-18T03:12:21.000Z,"What an epic day ğŸ’™ Thank you to some amazing friends @MarveltheMagic @britishlifeuk 
Started at Hollywood Studios then onto Animal Kingdom then finally finished the night watching Happily Ever After @ Magic Kingdom ğŸ† https://t.co/M1uIiAztmw",2,2,48,0,55b4f9e5c516e0b6,,FALSE,en,GetBinky,Get Binky,"London, England","British couple with a â¤ï¸ for Florida, especially the theme parks & beaches ğŸ¢ğŸ¡

Raises money for charity & makes awesome YouTube vlogs

#DoWhatMakesYouHappy",4935,1076,18567,19,2015-01-01T13:16:23.000Z,,
234259357,1042142581260541952,2018-09-18T20:05:28.000Z,I been living in Orlando for 5 years now and Iâ€™ve yet to go to magic kingdom ğŸ˜’,0,1,0,0,55b4f9e5c516e0b6,,FALSE,en,realwillsanchez,Celtics or Die,"Orlando, FL",DREAMVILLE,3515,536,144889,12,2011-01-05T06:09:42.000Z,,
3658638982,1043999452992811008,2018-09-23T23:04:00.000Z,"Apparently this is at Magic Kingdom rn. 

(Not my photo) https://t.co/PxaLAs8nmu",1,2,2,0,55b4f9e5c516e0b6,,FALSE,en,TravisCoaster,Travis,"Florida, USA",tweets belong to #HHN29,1338,1944,30939,12,2015-09-15T00:54:10.000Z,,
926926592,1044020480905269254,2018-09-24T00:27:34.000Z,"Awesome way to start the day at Magic Kingdom! Thanks for the ride, Alex. Youâ€™re the best! #CastCompliment https://t.co/cGIY5YuT0o",2,0,10,2,55b4f9e5c516e0b6,Point,FALSE,en,TiffanyLowrey,Tiffany Lowrey,,momâ¤ï¸counselorâ¤ï¸perpetual student,284,487,139,1,2012-11-05T05:25:30.000Z,-88.19138942,34.80995712
1090789722,1044218181840240640,2018-09-24T13:33:09.000Z,If I flew a 15-ft. banner at magic kingdom saying elect Andrew gillum I would want me to be banned too,0,0,2,0,55b4f9e5c516e0b6,,FALSE,en,ggronk_,Patricia Progress âœ¨,the turn of the century,â€œone Covid shot and a few glasses of wine in and sheâ€™s getting philosophical about Veepâ€,282,621,32363,7,2013-01-15T02:25:41.000Z,,
4634056907,1044601841164713984,2018-09-25T14:57:41.000Z,The Magic kingdom Disney Parks https://t.co/7xcDPJglKW,0,1,0,0,55b4f9e5c516e0b6,,FALSE,en,Novilina_89,Nova | Ù†ÙˆÚ¤Ø§ âœˆï¸,"Jeddah, Makkah Al Mukarrama",Ø±Ø¨Ù…Ø§ Ù„Ø§ Ø£Ø³ØªØ·ÙŠØ¹ Ø§Ù„ØªØ¹Ø¨ÙŠØ± Ø¹Ù† Ù…Ø´Ø§Ø¹Ø±ÙŠ Ø¨Ø´ÙƒÙ„ Ø¬ÙŠØ¯.. ÙˆÙ„ÙƒÙ† Ø§ÙƒÙ…Ù† Ù‚ÙˆØªÙŠ Ø§Ù„ÙƒØ§Ù…Ù„Ø© ÙÙŠ Ù‚Ø¯Ø±ØªÙŠ Ø¹Ù„Ù‰ ÙˆØ¶Ø¹ Ø£Ù‡Ø¯Ø§Ù Ø·ÙˆÙŠÙ„Ø© Ø§Ù„Ù…Ø¯Ù‰ ÙˆØ§Ù„Ø¥ØµØ±Ø§Ø± Ø¹Ù„Ù‰ ØªØ­Ù‚ÙŠÙ‚Ù‡Ø§ ÙˆØ§Ù„ÙˆØµÙˆÙ„ Ø¥Ù„ÙŠÙ‡Ø§â™‘ï¸...Ù…Ø±Ø­Ù„Ø© Ø¬ÙˆÙŠØ©ğŸ‘©ğŸ»â€âœˆï¸,570,3558,12980,0,2015-12-28T16:35:02.000Z,,
344139270,1044946098677317632,2018-09-26T13:45:38.000Z,Tldr: I'm still kinda mad I didn't get to go to magic kingdom.,0,3,4,0,55b4f9e5c516e0b6,,FALSE,en,Miamosas,MiamosasğŸ¥‚,"Phoenix, AZ",â™¡ Software Dev and Wannabe Chef â™¡  Beer Snob â™¡ Any Pronouns â™¡ Retired Co-Organizer for @MIMastersFGC â™¡ Bold Opinions Ahead â™¡ Lyra Mystic on Aether/Sarg â™¡,2727,427,37424,57,2011-07-28T16:11:29.000Z,,
2465010759,1045637380982669313,2018-09-28T11:32:33.000Z,Magic Kingdom was so much fun celebrating the #DisneyRaise #WeWonForEveryone #UniteHere https://t.co/XYbggQkyRt,3,0,7,0,55b4f9e5c516e0b6,,FALSE,en,MikeThom362,Mike Thom,"Orlando, FL","Born and bred in Scotland ğŸ´ó §ó ¢ó ³ó £ó ´ó ¿ ~ Father to Michaela ~ Living in Orlando, Florida ~ Very proud American Citizen ğŸ‡ºğŸ‡¸ ~ Worker advocate ğŸ°ğŸŒâœŠğŸ¼âœŠğŸ½âœŠğŸ¾âœŠğŸ¿",1307,4978,1322,1,2014-04-06T14:41:43.000Z,,
23774512,1046708165419642880,2018-10-01T10:27:28.000Z,"Happy Birthday, Magic Kingdom and Epcot!! @WDWToday @WaltDisneyWorld https://t.co/j7mvTI0AKD",0,1,19,0,55b4f9e5c516e0b6,,FALSE,en,Mrfurious32821,J.K.,Orlando,"if you follow me, youâ€™ll know Jack!!! #HHNForever #TeamHalloween",5270,5654,19118,37,2009-03-11T15:05:21.000Z,,
425205372,1046803759542816769,2018-10-01T16:47:19.000Z,How lucky are we to have two truly remarkable parks? Happy 47th and 36th to Magic Kingdom and Epcot! @WDWToday https://t.co/mqhsM5JzGq,2,3,19,0,55b4f9e5c516e0b6,,FALSE,en,mustbe_themonet,Monet,"Naples, FL",Social Media Manager ğŸ‘©ğŸ½â€ğŸ’»| Writer ğŸ“ | Theme Park Enthusiast ğŸ¢| FGCU ğŸ‘©ğŸ½â€ğŸ“| @DisneyInterns Alumna ğŸ­ | She/Her,30158,554,158071,89,2011-11-30T18:06:54.000Z,,
722490652231995392,1047862518943760385,2018-10-04T14:54:27.000Z,"@JeffPally @conmkw Thanks Jeff!! I have to work today,  but I started the celebrations this past Saturday at Magic Kingdom!! https://t.co/WkMp7Kkenr",0,1,2,0,55b4f9e5c516e0b6,,FALSE,en,TheHRPanda,"Amanda Brunson, SHRM-CP ğŸ¼","Orlando, FL","Global HR Business Partner for Sabre Corp., SHRM YPAC Member, & HR FL Conference Team",3973,1052,6580,63,2016-04-19T18:22:49.000Z,,
575694519,1047965422400819200,2018-10-04T21:43:21.000Z,A view of SeaWorld Orlando from the Sky Tower. You can also see Magic Kingdomâ€™s Space Mountain (4th pic). $2 tower admission. https://t.co/McgatAqovf,1,1,9,2,55b4f9e5c516e0b6,,FALSE,en,SoCal360,Attractions 360Â°,Sunny Southern California,Just 2 brothers going on an Epic Adventure! Theme Park Enthusiasts | Disney | Travel | Hiking | Cal Poly Pomona Alumni ğŸ“âœˆï¸ğŸ¢ ğŸ¥ ğŸ“· Benson & Jason,7718,191,9069,80,2012-05-09T19:25:51.000Z,,
120552650,1049108241437917184,2018-10-08T01:24:30.000Z,Iâ€™m getting TuxedoMask for â€œMickey's Not-So-Scary Halloween Partyâ€ in few weeks. Maybe iâ€™ll wear Mars after Magic Kingdom ğŸ˜†jk. https://t.co/Yav3f8Uzfv,0,2,7,0,55b4f9e5c516e0b6,,FALSE,en,RalateMoon,â­ï¸ã‚»ãƒ¼ãƒ©ãƒ¼E ! â­ï¸(Efrain R),United States,i'm just here for Sailor Moon news ğŸŒ™â­ï¸ and Mermaids arts. ğŸ§œğŸ¼â€â™€ï¸ğŸ§œğŸ¾â€â™€ï¸ğŸ§œğŸ½â€â™€ï¸,405,947,5404,2,2010-03-06T20:09:52.000Z,,
3045510628,1049143924957302784,2018-10-08T03:46:18.000Z,magic kingdom ğŸ’‹ https://t.co/BKWmJSrbie,0,0,9,0,55b4f9e5c516e0b6,,FALSE,en,nathalyy_mariee,nmâ™¡,ğŸ‡µğŸ‡·,XVIIğŸ§œğŸ¼â€â™€ï¸,381,512,14843,0,2015-02-20T01:42:26.000Z,,
752929301683638272,1050139390142541830,2018-10-10T21:41:55.000Z,I wanna go to Magic KingdomğŸ˜–,0,0,1,0,55b4f9e5c516e0b6,,FALSE,en,Tyn_vall,Valeria-Nicoleâœ¨,"Florida, USA",She do nailsğŸ’…ğŸ¼,42,132,979,0,2016-07-12T18:15:09.000Z,,
752929301683638272,1050187490089467904,2018-10-11T00:53:03.000Z,Nvm bout Magic kingdom I wanna go to Red LobsterğŸ™„,0,0,0,0,55b4f9e5c516e0b6,,FALSE,en,Tyn_vall,Valeria-Nicoleâœ¨,"Florida, USA",She do nailsğŸ’…ğŸ¼,42,132,979,0,2016-07-12T18:15:09.000Z,,
754878569252265984,1050735973561262082,2018-10-12T13:12:32.000Z,#FatalCrash has southbound SR535 shutdown. This is right behind Magic Kingdom Cast Member area. Closed at at Silverlake/ Mizzon. https://t.co/4Cj1DhTNjb,0,0,0,0,55b4f9e5c516e0b6,,FALSE,en,TrooperSteve_,Trooper Steve,"Orlando, FL",News 6 â€¢ Veteran â€¢ âœï¸ â€¢ FL Native â€¢ Wannabe Food Connoisseur â€¢ RT not endorsements â€¢ Tweets/likes are my own â€¢ ğŸ‡ºğŸ‡¸ ğŸ‘®â€¢ Traffic Safety Expert â€¢ #CancerSucks,4195,1125,7452,69,2016-07-18T03:20:50.000Z,,
39885743,1051597176189722626,2018-10-14T22:14:39.000Z,Hey gang! I'll be back at Magic Kingdom tomorrow to emcee the 4:40pm Street Party!,0,0,0,0,55b4f9e5c516e0b6,,FALSE,en,genemagee,Gene Magee,"Orlando, FL.","Actor: Universal Orlando, Walt Disney World, Tampa Bay Rays, Progressive Boat Show Tour Emcee",1657,1836,31294,36,2009-05-14T00:49:10.000Z,,
827281435597819906,1052768208044810240,2018-10-18T03:47:54.000Z,we â¤ï¸ magic kingdom https://t.co/lwwdTjwpHt,0,0,6,0,55b4f9e5c516e0b6,,FALSE,en,madison8576,madison â,wynnewood ok,whs,114,102,599,0,2017-02-02T22:23:59.000Z,,
564751206,1053013531950505985,2018-10-18T20:02:44.000Z,@TheJennTracker I went to magic kingdom all day yesterday!!!!! So fun,0,0,0,0,55b4f9e5c516e0b6,,FALSE,en,VolVicFoose,ğŸ’œğŸŒˆğŸ¦„ VolVic ğŸ¦„ğŸŒˆğŸ’œ,"Canterlot, Equestria","~V~| XboxOne | Gamer | Proud Brony | Chicago Cubs | Wonderland | Girl | She/Her | â€œI canâ€™t explain myself because Iâ€™m not myself, you see?â€ -Alice ~V~",183,116,3723,4,2012-04-27T14:46:40.000Z,,
1010224065087406080,1054392313168977920,2018-10-22T15:21:31.000Z,"Hereâ€™s a first look at this yearâ€™s Sorcerers of the Magic Kingdom card created just for Mickeyâ€™s Very Merry Christmas Party. ğŸ„

https://t.co/y100SRv27m https://t.co/r6c4GdyhOz",0,0,0,0,55b4f9e5c516e0b6,,FALSE,en,PixieDustNews,ProspectivePixieDust,"Orlando, FL","Making it a priority to find the latest news around Disney Parks, entertainment and consumer offerings.",106,59,2441,0,2018-06-22T18:12:40.000Z,,
2454952040,1054604506082799616,2018-10-23T05:24:42.000Z,Shoutout to Christopher! Just one of @DisneyPhotoPass photograpers at Magic Kingdom who took his time and countless shots to get a great shot of my favorite princess! #CastCompliment #MagicKingdom @WDWToday https://t.co/yrXV5AlL8b,2,2,20,0,55b4f9e5c516e0b6,,FALSE,en,jvlv0824,Jay,,"",41,352,605,0,2014-04-20T12:01:55.000Z,,
988196815412563968,1054741351353511936,2018-10-23T14:28:28.000Z,Magic Kingdom squad lunch goals! @WaltDisneyWorld @DisneyParks #WDW #sqaud #Food #Disney https://t.co/vUzesULEgI,0,1,2,0,55b4f9e5c516e0b6,,FALSE,en,_letsfindfun,Let's Find Fun,"Orlando, Florida","John & Cory âœˆï¸ #TravelBloggers
Awkward adventurers ğŸŒ #budgettravel 
Currently in OrlandoğŸ¢ 
Find us on Instagram!
https://t.co/PSgbjfrQZM",3089,4656,3681,21,2018-04-22T23:24:15.000Z,,
330268469,1056282617132261377,2018-10-27T20:32:55.000Z,Family fun at Magic Kingdom https://t.co/B6icEzrslU,0,0,1,0,55b4f9e5c516e0b6,,FALSE,en,the_kippaxkid,Wayne Hallam  ğŸ ğŸ›µ,"Manchester, Of Course âš½","I am a Dad, Grandad, MOD, mad about Weller & a fanatical MCFC supporter. I am a season ticket holder in block 139. Glory hunter since 1977.",2111,2937,9734,14,2011-07-06T11:13:50.000Z,,
785632356,1057277093078335488,2018-10-30T14:24:36.000Z,when do the bars open in Magic Kingdom? asking for a friend...,0,0,0,0,55b4f9e5c516e0b6,,FALSE,en,heyitsnickkkk,Nick,"Newark, NJ","Seton Hall PhD student |
Academic Advisor |

letâ€™s sit and bitch",187,297,4584,0,2012-08-27T22:41:14.000Z,,
45586200,1057701432613367809,2018-10-31T18:30:47.000Z,"just came to the realization that while iâ€™m being Spookyâ„¢ï¸ tonight, magic kingdom will be transforming into Merryâ„¢ï¸",0,0,6,0,55b4f9e5c516e0b6,,FALSE,en,d_janee15,my apologies for party rockin,stream call me by your name,{she/her} i tweet my adhd mind {49k on tiktok for no reason: d_janee} simp for any basic boy with long hair {donâ€™t take me seriously},824,322,24401,7,2009-06-08T15:15:56.000Z,,
10141422,1057769220895846400,2018-10-31T23:00:09.000Z,"Watch Mickeyâ€™s Boo-To-You Halloween Parade 2018 at the Magic Kingdom

 https://t.co/qrmhl4YN1z",9,0,78,3,55b4f9e5c516e0b6,,FALSE,en,WDWNT,WDW News Today,"Orlando, FL","WDWNT is devoted to bringing you news from the Disney Parks around the globe, focusing on Walt Disney World. We are not affiliated with the Walt Disney Co.",202378,239,90143,1705,2007-11-11T01:25:09.000Z,,
52448408,1057927461428695040,2018-11-01T09:28:56.000Z,"Bruh, Sam put up Christmas decorations overnight quicker than Magic Kingdom could ever do ğŸ˜‚ The apartment went from spoopy to Chrimahs in a span of four hours.",0,0,0,0,55b4f9e5c516e0b6,,FALSE,en,ShoefoneWeasley,ğŸ’›nykia burdineğŸ’›,"Orlando, FL","This is not a moment, it's a movement.
#BlackLivesMatter âœŠğŸ¼âœŠğŸ½âœŠğŸ¾âœŠğŸ¿",915,2044,31515,16,2009-06-30T16:54:59.000Z,,
2174596104,1058051548637523969,2018-11-01T17:42:01.000Z,@MadChatters Note to self: skip Magic Kingdom today.,0,0,1,0,55b4f9e5c516e0b6,,FALSE,en,theglennwith2ns,Glenn,Baltimore,"",40,48,151,0,2013-11-04T19:13:46.000Z,,
44936329,1059902003797782528,2018-11-06T20:15:04.000Z,The best thing about Christmas in orlado is The Christmas Party at Magic Kingdom. https://t.co/GTANXRqvDy,0,0,0,0,55b4f9e5c516e0b6,,FALSE,en,karla2390,Karlibiris ğŸŒ»,"Puerto Rico|Orlando,FL|","Journalist, Blogger and Disney lover",310,2082,12436,24,2009-06-05T16:52:21.000Z,,
119402935,1060578274663895041,2018-11-08T17:02:19.000Z,Universal &gt; magic kingdom for one particular ride #disneydad,0,0,0,0,55b4f9e5c516e0b6,,FALSE,en,wvupen,Chris Simmons,Woodbridge Va,sup?,95,318,1837,1,2010-03-03T14:54:50.000Z,,
628281223,1061365203726667777,2018-11-10T21:09:18.000Z,@JoyOnBroad @AntSanPhilly @NHLFlyers Saw Mo yesterday in Orlando. Spent the evening with us at the Magic Kingdom on Thursday night,0,0,0,0,55b4f9e5c516e0b6,,FALSE,en,fishtoyman1,Stuart Fishman,"Blue Bell, PA","Four for Four Philadelphia sports fan. Not easy most of the time but still bleeding Green, Orange and Black , White and Red , Blue and White. Vote Blue 2022 ğŸ’™",490,883,8404,0,2012-07-06T11:02:44.000Z,,
480955703,1061446375878115330,2018-11-11T02:31:51.000Z,March 2018. Disney's Magic Kingdom https://t.co/A8P0ZJbkP2,0,0,1,0,55b4f9e5c516e0b6,,FALSE,en,Felicia3089,Felicia Laux,"Sault Ste Marie, MI",ğŸ¾MarriedğŸ¾ ğŸ¾31 years oldğŸ¾ ğŸ¾I have low progesterone and pcosğŸ¾ ğŸ¾Love meeting new peopleğŸ¾ ğŸ¾Iâ€™m biğŸ¾,41,181,325,0,2012-02-02T03:47:16.000Z,,
480955703,1061446783333793792,2018-11-11T02:33:28.000Z,March 2018. Disney's Magic Kingdom https://t.co/ev0gp0E2Dj,0,0,1,0,55b4f9e5c516e0b6,,FALSE,en,Felicia3089,Felicia Laux,"Sault Ste Marie, MI",ğŸ¾MarriedğŸ¾ ğŸ¾31 years oldğŸ¾ ğŸ¾I have low progesterone and pcosğŸ¾ ğŸ¾Love meeting new peopleğŸ¾ ğŸ¾Iâ€™m biğŸ¾,41,181,325,0,2012-02-02T03:47:16.000Z,,
40672400,1061758249173741568,2018-11-11T23:11:07.000Z,"@DisneyParks went to a DVC meeting about buying points, forgot passports so couldnâ€™t purchase them. Thank god we didnâ€™t.
Got sold on the transfers to park hop and resort hop.
Long story short from boardwalk to magic kingdom 2.5 hours and we missed the fireworks on our last day.",0,0,0,0,55b4f9e5c516e0b6,,FALSE,en,Bigdom4,Dom Rea,manchester,"Director of marco reas mr Reallygood ltd. we manufacture ice cream, slush and ice cream topping sauces were the company to speak to.",97,610,1364,2,2009-05-17T15:01:45.000Z,,
1010224065087406080,1063490149181530113,2018-11-16T17:53:04.000Z,"Disney friends welcomed Good Morning America to Magic Kingdom with a special â€œMickey 90â€ ceremony. ğŸ¥³ğŸ­

https://t.co/Bybl1z9IEx https://t.co/imoPoUBjUF",0,0,1,0,55b4f9e5c516e0b6,,FALSE,en,PixieDustNews,ProspectivePixieDust,"Orlando, FL","Making it a priority to find the latest news around Disney Parks, entertainment and consumer offerings.",106,59,2441,0,2018-06-22T18:12:40.000Z,,
360867700,1064134052737949697,2018-11-18T12:31:43.000Z,Today is #mickey90 AND #NationalPrincessDay so you can definitely find me in Magic Kingdom. ğŸ‘¸ğŸ¼ğŸ°ğŸ ğŸ’–,0,0,3,0,55b4f9e5c516e0b6,,FALSE,en,lizard__13,lizğŸ’«,"Orlando, FL","passionate about disney parks, kansas city chiefs, halloween horror nights, animal crossing, and fast and furious: supercharged. ğŸ’™",439,265,22431,5,2011-08-23T22:00:45.000Z,,
2317640352,1064201044777930752,2018-11-18T16:57:55.000Z,"There are two types of families at Disney- The ones that make you wanna go buy little ears and pop out two kids tomorrow, and the ones that have you making a tube tying appointment in the middle of magic kingdom.",0,0,16,0,55b4f9e5c516e0b6,,FALSE,en,Maddie13eck,Maddie Beck,"Florida, USA",Tarleton State University Alumni â€¢ TVAG â€¢ Î¦Îœ â€¢ Living a dream â€¢ BE HAPPY  https://t.co/HCB74rQXZA,550,367,4173,3,2014-01-29T18:59:05.000Z,,
1010224065087406080,1064579382977724416,2018-11-19T18:01:18.000Z,"Mickey &amp; Minnie will be meeting guests in their birthday celebration overlays at Town Square Theater starting January 18.ğŸ­ğŸ¥³ğŸ­

Details ğŸ‘‡ğŸ»

https://t.co/5d7nCMNDVH https://t.co/dMF5XT6f3O",0,0,1,1,55b4f9e5c516e0b6,,FALSE,en,PixieDustNews,ProspectivePixieDust,"Orlando, FL","Making it a priority to find the latest news around Disney Parks, entertainment and consumer offerings.",106,59,2441,0,2018-06-22T18:12:40.000Z,,
389757831,1065984369280643073,2018-11-23T15:04:13.000Z,"@BracketvilleUSA I can tell you one thing, G. Thereâ€™s no â€˜$5 Boxâ€™ here inside the Magic Kingdom. *whew*",0,0,0,1,55b4f9e5c516e0b6,,FALSE,en,SuperEricRogers,SuperEricRogers,"Norfolk, VA",@7CitiesProAM Executive Board | 757,2093,2855,88685,20,2011-10-12T23:19:07.000Z,,
48524737,1068944974736228355,2018-12-01T19:08:36.000Z,"I havenâ€™t seen the fireworks show at Magic Kingdom but am going tonight, and my sister told me: â€œYouâ€™re gonna cry.â€

Like I had any doubts about that.",0,1,3,0,55b4f9e5c516e0b6,,FALSE,en,notajenny,Jennifer Marie,"Orlando, FL",I quote lot of TV and @mulaney. Occasionally I do other things. â€¢ ğŸ™: @commrewatchpod â€¢ âœğŸ»: @JustAboutWrite_ â€¢ Opinions are mine. â€¢ she/her,1077,528,103089,38,2009-06-18T23:02:59.000Z,,
89119710,1072146356087767040,2018-12-10T15:09:45.000Z,teaching the next generation the secrets of The Magic Kingdom https://t.co/xaeqkQkKwk,0,0,2,0,55b4f9e5c516e0b6,,FALSE,en,ctisus,CTisus.com ğŸ’‰ Vaccinated,"Johns Hopkins U, Baltimore, MD","Dr. Elliot K Fishman - Professor of #radiology, #surgery and #oncology at the Johns Hopkins School of Medicine. Opinions our own.",7877,1075,36303,141,2009-11-11T05:54:49.000Z,,
281272566,1072593086923112449,2018-12-11T20:44:54.000Z,This pretzel has been in half the lands of magic kingdom at this point https://t.co/ObVcQD4HHp,2,1,27,0,55b4f9e5c516e0b6,,FALSE,en,cinderchellaaa,lisleâ€™s fiancÃ©,,"we should take a walk, and look at all the flowers ||| Rachel, she/her",4815,1558,66546,32,2011-04-13T00:04:26.000Z,,
867407859272663040,1073210415788761088,2018-12-13T13:37:57.000Z,Canâ€™t believe I ate dinner at Be Our Guest in Magic Kingdom. Beauty and the Beast is one of my favourite Disney movies and so eating in the Ballroom was an absolute dream! They even have a West Wing with the enchanted rose in ğŸŒ¹! Whatâ€™s your favourite Disney movie?? #beourguest https://t.co/PSkODcYFFT,1,0,5,0,55b4f9e5c516e0b6,,FALSE,en,thirdeyetravelr,Sophie â¥ Third Eye Traveller,Swindon,Solo female travel blogger from U.K. ğŸ¤˜ğŸ»Will do anything to avoid a boring life. Adventure seeker & India enthusiastâ™¥ï¸ mail: thirdeyetraveller@gmail.com,3381,3605,2291,35,2017-05-24T15:52:04.000Z,,
293865264,1073913220241477633,2018-12-15T12:10:38.000Z,"Today, adult Kade tries to do what young Kade could and do and stay for a full 16 hour Magic Kingdom day.",0,2,10,1,55b4f9e5c516e0b6,,FALSE,en,kadewoodard,K-Dub,"Orlando, FL",Professional smart ass. GIF aficionado. Universal Team Member,263,269,6002,2,2011-05-06T03:33:34.000Z,,
17322737,1074082511603548165,2018-12-15T23:23:20.000Z,Nanny and Papa joined Dad-urday at Magic Kingdom. https://t.co/xRf96EjTiv,6,8,520,0,55b4f9e5c516e0b6,,FALSE,en,WeTheDan,Danny Duncan,Everywhere,Florida man. drummer for WE THE KINGS Business Inquiries: dduncanbiz@gmail.com,128442,314,15543,773,2008-11-11T21:29:26.000Z,,
2603572502,1074853423261147138,2018-12-18T02:26:40.000Z,im in orlando and all i wanted was to leave the airport and go straight to magic kingdom :( thats my favorite place on the entire world,0,1,2,0,55b4f9e5c516e0b6,,FALSE,en,bndtherules,liv,niall follows â™¡,we should be shooting for them stars of gold,5398,710,77530,100,2014-07-04T14:21:06.000Z,,
21896402,1076509085200273408,2018-12-22T16:05:41.000Z,"Our plans today - 

Magic Kingdom Xmas parade: âœ”
California Grill: âœ”
Sleigh Ride Fort Wilderness: âœ”
Holiday Wishes Top of the World: âœ”

#Christmas https://t.co/lozferfbR0",1,0,7,0,55b4f9e5c516e0b6,,FALSE,en,Alexandra__M,Alexandra ğŸŒ,Epcot Center ,Park polls. Photographer. Local. Statistician. Resident Flying Ace.ğŸ™Œ,2853,4980,7363,18,2009-02-25T18:08:56.000Z,,
1427070702,1076683251857657856,2018-12-23T03:37:45.000Z,i bought a caramel apple from magic kingdom and this bitch is gooooood why didnâ€™t i try one before,0,0,1,0,55b4f9e5c516e0b6,,FALSE,en,sapphiresux,Ù‹,orlando,no i cant cuff u bby i am not the cops,1779,155,30013,12,2013-05-14T05:47:49.000Z,,
22542589,1076722231823253506,2018-12-23T06:12:39.000Z,Goodnight from the Magic Kingdom âœ¨ #DisneyWorld https://t.co/8m4DE89utF,1,0,7,0,55b4f9e5c516e0b6,,FALSE,en,nicolesantero,Nicole Santero,Las Vegas,Comms director by day | @unlvpubhealth; fandom researcher by night | @researchbts. 2x UNLV grad. PhD student studying BTS & ARMY ğŸ’œ Tweets are my own âœŒï¸,680,253,10892,12,2009-03-02T22:07:05.000Z,,
2423508964,1076983370649948160,2018-12-23T23:30:19.000Z,Its a wrap! Disney was amazing with a big finish at Animal Kingdom ğŸ¦’ğŸ˜ğŸ¦ğŸ¦“ğŸ¦›ğŸ…ğŸ¦ and finishing strong at Magic Kingdom ğŸ°ğŸ¢ğŸ„ğŸ…ğŸ¼ğŸŒ´#disneyworld #magickingdomâ€¦ https://t.co/YDOacp0mPd,0,0,0,0,55b4f9e5c516e0b6,Point,FALSE,en,stylemakerkim,Kim Steele,,DC based CelebrityHair/Makeup artist. Specialized in Television /Editorial / Fashion. Available for weddings and special events.,76,163,1094,2,2014-03-19T22:13:33.000Z,-81.3775,28.5421
485321299,1077437822171254784,2018-12-25T05:36:09.000Z,Magic Kingdom on Christmas Day 2018 I am so not ready for you,0,1,1,0,55b4f9e5c516e0b6,,FALSE,en,Tayluhh_Mariee,Taylor Shreves,Disney world probably ,"â€œMy instincts are always right. Well not always, but 25% of the timeâ€    she/her",307,192,12120,3,2012-02-07T02:37:19.000Z,,
850739965860466690,1078437654054744070,2018-12-27T23:49:07.000Z,"The Day after Christmas we had a magical day at Magic Kingdom and we even got to go in the secret room at the Haunted Mansion and hang out with a couple of our Disney lover friends so here is our Video 

https://t.co/jlCToRnaAD

@superenthused @magicgeekdom 
@ORLThemePark360 https://t.co/EVyOaNXLpu",6,1,26,1,55b4f9e5c516e0b6,,FALSE,en,PageMrMorrow,Paging Mr Morrow,"Orlando, FL","Love the Life you Live 

Natepmm@gmail.com

or

https://t.co/DKZ7APgQXS",4293,115,1903,22,2017-04-08T15:59:48.000Z,,
4079948663,1078698640347222017,2018-12-28T17:06:11.000Z,"Walt Disney World Resort is known as the happiest place in the world. For many of us who live in Osceola County, the four magical theme parks, Magic Kingdom, Epcot, Animal Kingdom, and Hollywood Studios are just a hop, skip, and jump away. https://t.co/G1dfB3K2gN @Disney https://t.co/KKBd3t4urT",0,0,0,0,55b4f9e5c516e0b6,,FALSE,en,positiveosceola,Positively Osceola,"Kissimmee, FL","Osceola News that Informs, Impacts and Inspires!",2090,1041,8203,18,2015-10-31T04:03:43.000Z,,
196401019,1079516343622352896,2018-12-30T23:15:27.000Z,Magical day at the Wizarding World of Harry Potter! Ready for more fun at Disneyâ€™s Magic Kingdom tonight! âš¡ï¸ @ The Wizarding World of Harry Potter https://t.co/CwV8kvoXYQ,0,0,0,0,55b4f9e5c516e0b6,Point,FALSE,en,alexgibert,Alex Gibert,"Ridgeland, MS","Teacher. Tennis coach. Former Ole Miss Diamond Girl & Rebel Athletic Recruiter. Delta Gamma. My dog, sports, music, movies, and TV. Hotty Toddy.",638,1432,14236,8,2010-09-29T01:10:05.000Z,-81.4734,28.4728
591459040,1079590455883517959,2018-12-31T04:09:57.000Z,Magic Kingdom New Years Eve Eve... still magical. https://t.co/AkKsRESQnC,0,0,3,0,55b4f9e5c516e0b6,,FALSE,en,MarkFidrych1,Mark Fidrych,United States,"Based in RI ğŸŒŠ âš“ï¸ Former Disney Cast Member ğŸŒ´ ""All our dreams can come true, if we have the courage to pursue them,""-Walt Disney ğŸ¤™",411,578,8411,6,2012-05-27T03:00:29.000Z,,
430364159,1079800880696832000,2018-12-31T18:06:06.000Z,Iâ€™m sad magic kingdom is at capacity but seeing pictures of how crowded it is Iâ€™m actually glad Iâ€™m not there,0,0,1,0,55b4f9e5c516e0b6,,FALSE,en,_andreasofiaa,Andrea,,FIU,800,421,102334,14,2011-12-07T02:38:56.000Z,,
4079948663,1079853507254063104,2018-12-31T21:35:13.000Z,"Itâ€™s not surprising that given the beautiful weather Central Florida is experiencing the Magic Kingdom is currently at capacity and is following their closure procedures. Universal and SeaWorld are not far behind. https://t.co/RUxgx3h3oJ #PositivelyOsceola, https://t.co/2EwGcfzuXs",0,0,0,0,55b4f9e5c516e0b6,,FALSE,en,positiveosceola,Positively Osceola,"Kissimmee, FL","Osceola News that Informs, Impacts and Inspires!",2090,1041,8203,18,2015-10-31T04:03:43.000Z,,
